
{
  "BOT_TOKEN": "your_bot_token",
  "ADMIN_ID": "0",
  "DB_TYPE": "sqlite",
  "DATA_DIR": "data",
  "DB_PATH": "data/database.db",
  "CSV_PATH": "data/initial_data.csv",
  "PRODUCT_PREFIX": "product_",
  "SERVICE_PREFIX": "service_",
  "CATEGORY_PREFIX": "category_",
  "BACK_PREFIX": "back_",
  "INQUIRY_PREFIX": "inquiry_",
  "EDUCATION_PREFIX": "edu_",
  "ADMIN_PREFIX": "admin_",
  "PRODUCTS_BTN": "محصولات 🛍",
  "SERVICES_BTN": "خدمات 🛠",
  "INQUIRY_BTN": "استعلام قیمت 📝",
  "EDUCATION_BTN": "مطالب آموزشی 📚",
  "CONTACT_BTN": "تماس با ما 📞",
  "ABOUT_BTN": "درباره ما ℹ️",
  "BACK_BTN": "بازگشت ↩️",
  "SEARCH_BTN": "جستجو 🔍",
  "ADMIN_BTN": "پنل ادمین 👤",
  "START_TEXT": "🌟 به ربات جامع محصولات و خدمات خوش آمدید!",
  "NOT_FOUND_TEXT": "موردی یافت نشد.",
  "CONTACT_DEFAULT": "با ما از طریق شماره 1234567890+ یا ایمیل info@example.com در تماس باشید.",
  "ABOUT_DEFAULT": "ما یک شرکت فعال در زمینه تجهیزات الکترونیکی هستیم.",
  "INQUIRY_START": "لطفاً فرم استعلام قیمت را کامل کنید. نام خود را وارد کنید:",
  "INQUIRY_PHONE": "لطفاً شماره تماس خود را وارد کنید:",
  "INQUIRY_DESC": "لطفاً توضیحات بیشتر را وارد کنید (اختیاری):",
  "INQUIRY_COMPLETE": "استعلام قیمت شما با موفقیت ثبت شد. به زودی با شما تماس خواهیم گرفت.",
  "ADMIN_WELCOME": "به پنل مدیریت خوش آمدید. لطفاً یکی از گزینه‌های زیر را انتخاب کنید:",
  "ADMIN_ACCESS_DENIED": "شما دسترسی به پنل مدیریت ندارید.",
  "SEARCH_PROMPT": "لطفاً عبارت جستجو را وارد کنید:",
  "ERROR_MESSAGE": "خطایی رخ داد. لطفاً دوباره تلاش کنید."
}
